customer_id,name,email,city,registration_date,days_since_registration,customer_segment
1,Customer 1,customer1@email.com,Jakarta,2023-01-01,923,Veteran
2,Customer 2,customer2@email.com,Bandung,2023-01-02,922,Veteran
3,Customer 3,customer3@email.com,Jakarta,2023-01-03,921,Veteran
4,Customer 4,customer4@email.com,Medan,2023-01-04,920,Veteran
5,Customer 5,customer5@email.com,Surabaya,2023-01-05,919,Veteran
6,Customer 6,customer6@email.com,Jakarta,2023-01-06,918,Veteran
7,Customer 7,customer7@email.com,Jakarta,2023-01-07,917,Veteran
8,Customer 8,customer8@email.com,Medan,2023-01-08,916,Veteran
9,Customer 9,customer9@email.com,Yogyakarta,2023-01-09,915,Veteran
10,Customer 10,customer10@email.com,Yogyakarta,2023-01-10,914,Veteran
11,Customer 11,customer11@email.com,Bandung,2023-01-11,913,Veteran
12,Customer 12,customer12@email.com,Yogyakarta,2023-01-12,912,Veteran
13,Customer 13,customer13@email.com,Medan,2023-01-13,911,Veteran
14,Customer 14,customer14@email.com,Surabaya,2023-01-14,910,Veteran
15,Customer 15,customer15@email.com,Yogyakarta,2023-01-15,909,Veteran
16,Customer 16,customer16@email.com,Jakarta,2023-01-16,908,Veteran
17,Customer 17,customer17@email.com,Bandung,2023-01-17,907,Veteran
18,Customer 18,customer18@email.com,Medan,2023-01-18,906,Veteran
19,Customer 19,customer19@email.com,Surabaya,2023-01-19,905,Veteran
20,Customer 20,customer20@email.com,Yogyakarta,2023-01-20,904,Veteran
21,Customer 21,customer21@email.com,Surabaya,2023-01-21,903,Veteran
22,Customer 22,customer22@email.com,Medan,2023-01-22,902,Veteran
23,Customer 23,customer23@email.com,Yogyakarta,2023-01-23,901,Veteran
24,Customer 24,customer24@email.com,Medan,2023-01-24,900,Veteran
25,Customer 25,customer25@email.com,Jakarta,2023-01-25,899,Veteran
26,Customer 26,customer26@email.com,Yogyakarta,2023-01-26,898,Veteran
27,Customer 27,customer27@email.com,Surabaya,2023-01-27,897,Veteran
28,Customer 28,customer28@email.com,Surabaya,2023-01-28,896,Veteran
29,Customer 29,customer29@email.com,Surabaya,2023-01-29,895,Veteran
30,Customer 30,customer30@email.com,Yogyakarta,2023-01-30,894,Veteran
31,Customer 31,customer31@email.com,Jakarta,2023-01-31,893,Veteran
32,Customer 32,customer32@email.com,Jakarta,2023-02-01,892,Veteran
33,Customer 33,customer33@email.com,Surabaya,2023-02-02,891,Veteran
34,Customer 34,customer34@email.com,Jakarta,2023-02-03,890,Veteran
35,Customer 35,customer35@email.com,Jakarta,2023-02-04,889,Veteran
36,Customer 36,customer36@email.com,Medan,2023-02-05,888,Veteran
37,Customer 37,customer37@email.com,Bandung,2023-02-06,887,Veteran
38,Customer 38,customer38@email.com,Bandung,2023-02-07,886,Veteran
39,Customer 39,customer39@email.com,Jakarta,2023-02-08,885,Veteran
40,Customer 40,customer40@email.com,Yogyakarta,2023-02-09,884,Veteran
41,Customer 41,customer41@email.com,Bandung,2023-02-10,883,Veteran
42,Customer 42,customer42@email.com,Bandung,2023-02-11,882,Veteran
43,Customer 43,customer43@email.com,Bandung,2023-02-12,881,Veteran
44,Customer 44,customer44@email.com,Bandung,2023-02-13,880,Veteran
45,Customer 45,customer45@email.com,Medan,2023-02-14,879,Veteran
46,Customer 46,customer46@email.com,Bandung,2023-02-15,878,Veteran
47,Customer 47,customer47@email.com,Yogyakarta,2023-02-16,877,Veteran
48,Customer 48,customer48@email.com,Jakarta,2023-02-17,876,Veteran
49,Customer 49,customer49@email.com,Medan,2023-02-18,875,Veteran
50,Customer 50,customer50@email.com,Bandung,2023-02-19,874,Veteran
51,Customer 51,customer51@email.com,Bandung,2023-02-20,873,Veteran
52,Customer 52,customer52@email.com,Medan,2023-02-21,872,Veteran
53,Customer 53,customer53@email.com,Yogyakarta,2023-02-22,871,Veteran
54,Customer 54,customer54@email.com,Yogyakarta,2023-02-23,870,Veteran
55,Customer 55,customer55@email.com,Surabaya,2023-02-24,869,Veteran
56,Customer 56,customer56@email.com,Medan,2023-02-25,868,Veteran
57,Customer 57,customer57@email.com,Medan,2023-02-26,867,Veteran
58,Customer 58,customer58@email.com,Yogyakarta,2023-02-27,866,Veteran
59,Customer 59,customer59@email.com,Yogyakarta,2023-02-28,865,Veteran
60,Customer 60,customer60@email.com,Bandung,2023-03-01,864,Veteran
61,Customer 61,customer61@email.com,Surabaya,2023-03-02,863,Veteran
62,Customer 62,customer62@email.com,Jakarta,2023-03-03,862,Veteran
63,Customer 63,customer63@email.com,Jakarta,2023-03-04,861,Veteran
64,Customer 64,customer64@email.com,Yogyakarta,2023-03-05,860,Veteran
65,Customer 65,customer65@email.com,Jakarta,2023-03-06,859,Veteran
66,Customer 66,customer66@email.com,Medan,2023-03-07,858,Veteran
67,Customer 67,customer67@email.com,Bandung,2023-03-08,857,Veteran
68,Customer 68,customer68@email.com,Bandung,2023-03-09,856,Veteran
69,Customer 69,customer69@email.com,Yogyakarta,2023-03-10,855,Veteran
70,Customer 70,customer70@email.com,Medan,2023-03-11,854,Veteran
71,Customer 71,customer71@email.com,Jakarta,2023-03-12,853,Veteran
72,Customer 72,customer72@email.com,Medan,2023-03-13,852,Veteran
73,Customer 73,customer73@email.com,Jakarta,2023-03-14,851,Veteran
74,Customer 74,customer74@email.com,Jakarta,2023-03-15,850,Veteran
75,Customer 75,customer75@email.com,Medan,2023-03-16,849,Veteran
76,Customer 76,customer76@email.com,Surabaya,2023-03-17,848,Veteran
77,Customer 77,customer77@email.com,Yogyakarta,2023-03-18,847,Veteran
78,Customer 78,customer78@email.com,Surabaya,2023-03-19,846,Veteran
79,Customer 79,customer79@email.com,Bandung,2023-03-20,845,Veteran
80,Customer 80,customer80@email.com,Jakarta,2023-03-21,844,Veteran
81,Customer 81,customer81@email.com,Medan,2023-03-22,843,Veteran
82,Customer 82,customer82@email.com,Surabaya,2023-03-23,842,Veteran
83,Customer 83,customer83@email.com,Surabaya,2023-03-24,841,Veteran
84,Customer 84,customer84@email.com,Jakarta,2023-03-25,840,Veteran
85,Customer 85,customer85@email.com,Jakarta,2023-03-26,839,Veteran
86,Customer 86,customer86@email.com,Jakarta,2023-03-27,838,Veteran
87,Customer 87,customer87@email.com,Surabaya,2023-03-28,837,Veteran
88,Customer 88,customer88@email.com,Medan,2023-03-29,836,Veteran
89,Customer 89,customer89@email.com,Jakarta,2023-03-30,835,Veteran
90,Customer 90,customer90@email.com,Jakarta,2023-03-31,834,Veteran
91,Customer 91,customer91@email.com,Surabaya,2023-04-01,833,Veteran
92,Customer 92,customer92@email.com,Surabaya,2023-04-02,832,Veteran
93,Customer 93,customer93@email.com,Yogyakarta,2023-04-03,831,Veteran
94,Customer 94,customer94@email.com,Surabaya,2023-04-04,830,Veteran
95,Customer 95,customer95@email.com,Surabaya,2023-04-05,829,Veteran
96,Customer 96,customer96@email.com,Bandung,2023-04-06,828,Veteran
97,Customer 97,customer97@email.com,Yogyakarta,2023-04-07,827,Veteran
98,Customer 98,customer98@email.com,Surabaya,2023-04-08,826,Veteran
99,Customer 99,customer99@email.com,Medan,2023-04-09,825,Veteran
100,Customer 100,customer100@email.com,Surabaya,2023-04-10,824,Veteran
101,Customer 101,customer101@email.com,Bandung,2023-04-11,823,Veteran
102,Customer 102,customer102@email.com,Medan,2023-04-12,822,Veteran
103,Customer 103,customer103@email.com,Yogyakarta,2023-04-13,821,Veteran
104,Customer 104,customer104@email.com,Surabaya,2023-04-14,820,Veteran
105,Customer 105,customer105@email.com,Bandung,2023-04-15,819,Veteran
106,Customer 106,customer106@email.com,Bandung,2023-04-16,818,Veteran
107,Customer 107,customer107@email.com,Medan,2023-04-17,817,Veteran
108,Customer 108,customer108@email.com,Yogyakarta,2023-04-18,816,Veteran
109,Customer 109,customer109@email.com,Yogyakarta,2023-04-19,815,Veteran
110,Customer 110,customer110@email.com,Jakarta,2023-04-20,814,Veteran
111,Customer 111,customer111@email.com,Medan,2023-04-21,813,Veteran
112,Customer 112,customer112@email.com,Medan,2023-04-22,812,Veteran
113,Customer 113,customer113@email.com,Bandung,2023-04-23,811,Veteran
114,Customer 114,customer114@email.com,Surabaya,2023-04-24,810,Veteran
115,Customer 115,customer115@email.com,Yogyakarta,2023-04-25,809,Veteran
116,Customer 116,customer116@email.com,Yogyakarta,2023-04-26,808,Veteran
117,Customer 117,customer117@email.com,Surabaya,2023-04-27,807,Veteran
118,Customer 118,customer118@email.com,Surabaya,2023-04-28,806,Veteran
119,Customer 119,customer119@email.com,Bandung,2023-04-29,805,Veteran
120,Customer 120,customer120@email.com,Yogyakarta,2023-04-30,804,Veteran
121,Customer 121,customer121@email.com,Jakarta,2023-05-01,803,Veteran
122,Customer 122,customer122@email.com,Bandung,2023-05-02,802,Veteran
123,Customer 123,customer123@email.com,Bandung,2023-05-03,801,Veteran
124,Customer 124,customer124@email.com,Yogyakarta,2023-05-04,800,Veteran
125,Customer 125,customer125@email.com,Medan,2023-05-05,799,Veteran
126,Customer 126,customer126@email.com,Medan,2023-05-06,798,Veteran
127,Customer 127,customer127@email.com,Medan,2023-05-07,797,Veteran
128,Customer 128,customer128@email.com,Jakarta,2023-05-08,796,Veteran
129,Customer 129,customer129@email.com,Yogyakarta,2023-05-09,795,Veteran
130,Customer 130,customer130@email.com,Yogyakarta,2023-05-10,794,Veteran
131,Customer 131,customer131@email.com,Surabaya,2023-05-11,793,Veteran
132,Customer 132,customer132@email.com,Yogyakarta,2023-05-12,792,Veteran
133,Customer 133,customer133@email.com,Jakarta,2023-05-13,791,Veteran
134,Customer 134,customer134@email.com,Yogyakarta,2023-05-14,790,Veteran
135,Customer 135,customer135@email.com,Medan,2023-05-15,789,Veteran
136,Customer 136,customer136@email.com,Surabaya,2023-05-16,788,Veteran
137,Customer 137,customer137@email.com,Yogyakarta,2023-05-17,787,Veteran
138,Customer 138,customer138@email.com,Medan,2023-05-18,786,Veteran
139,Customer 139,customer139@email.com,Yogyakarta,2023-05-19,785,Veteran
140,Customer 140,customer140@email.com,Bandung,2023-05-20,784,Veteran
141,Customer 141,customer141@email.com,Surabaya,2023-05-21,783,Veteran
142,Customer 142,customer142@email.com,Jakarta,2023-05-22,782,Veteran
143,Customer 143,customer143@email.com,Medan,2023-05-23,781,Veteran
144,Customer 144,customer144@email.com,Jakarta,2023-05-24,780,Veteran
145,Customer 145,customer145@email.com,Yogyakarta,2023-05-25,779,Veteran
146,Customer 146,customer146@email.com,Jakarta,2023-05-26,778,Veteran
147,Customer 147,customer147@email.com,Surabaya,2023-05-27,777,Veteran
148,Customer 148,customer148@email.com,Bandung,2023-05-28,776,Veteran
149,Customer 149,customer149@email.com,Bandung,2023-05-29,775,Veteran
150,Customer 150,customer150@email.com,Yogyakarta,2023-05-30,774,Veteran
151,Customer 151,customer151@email.com,Medan,2023-05-31,773,Veteran
152,Customer 152,customer152@email.com,Jakarta,2023-06-01,772,Veteran
153,Customer 153,customer153@email.com,Yogyakarta,2023-06-02,771,Veteran
154,Customer 154,customer154@email.com,Medan,2023-06-03,770,Veteran
155,Customer 155,customer155@email.com,Yogyakarta,2023-06-04,769,Veteran
156,Customer 156,customer156@email.com,Medan,2023-06-05,768,Veteran
157,Customer 157,customer157@email.com,Yogyakarta,2023-06-06,767,Veteran
158,Customer 158,customer158@email.com,Medan,2023-06-07,766,Veteran
159,Customer 159,customer159@email.com,Surabaya,2023-06-08,765,Veteran
160,Customer 160,customer160@email.com,Medan,2023-06-09,764,Veteran
161,Customer 161,customer161@email.com,Surabaya,2023-06-10,763,Veteran
162,Customer 162,customer162@email.com,Bandung,2023-06-11,762,Veteran
163,Customer 163,customer163@email.com,Medan,2023-06-12,761,Veteran
164,Customer 164,customer164@email.com,Yogyakarta,2023-06-13,760,Veteran
165,Customer 165,customer165@email.com,Surabaya,2023-06-14,759,Veteran
166,Customer 166,customer166@email.com,Jakarta,2023-06-15,758,Veteran
167,Customer 167,customer167@email.com,Bandung,2023-06-16,757,Veteran
168,Customer 168,customer168@email.com,Bandung,2023-06-17,756,Veteran
169,Customer 169,customer169@email.com,Bandung,2023-06-18,755,Veteran
170,Customer 170,customer170@email.com,Surabaya,2023-06-19,754,Veteran
171,Customer 171,customer171@email.com,Jakarta,2023-06-20,753,Veteran
172,Customer 172,customer172@email.com,Medan,2023-06-21,752,Veteran
173,Customer 173,customer173@email.com,Jakarta,2023-06-22,751,Veteran
174,Customer 174,customer174@email.com,Surabaya,2023-06-23,750,Veteran
175,Customer 175,customer175@email.com,Jakarta,2023-06-24,749,Veteran
176,Customer 176,customer176@email.com,Jakarta,2023-06-25,748,Veteran
177,Customer 177,customer177@email.com,Jakarta,2023-06-26,747,Veteran
178,Customer 178,customer178@email.com,Medan,2023-06-27,746,Veteran
179,Customer 179,customer179@email.com,Yogyakarta,2023-06-28,745,Veteran
180,Customer 180,customer180@email.com,Surabaya,2023-06-29,744,Veteran
181,Customer 181,customer181@email.com,Medan,2023-06-30,743,Veteran
182,Customer 182,customer182@email.com,Jakarta,2023-07-01,742,Veteran
183,Customer 183,customer183@email.com,Bandung,2023-07-02,741,Veteran
184,Customer 184,customer184@email.com,Yogyakarta,2023-07-03,740,Veteran
185,Customer 185,customer185@email.com,Medan,2023-07-04,739,Veteran
186,Customer 186,customer186@email.com,Bandung,2023-07-05,738,Veteran
187,Customer 187,customer187@email.com,Yogyakarta,2023-07-06,737,Veteran
188,Customer 188,customer188@email.com,Yogyakarta,2023-07-07,736,Veteran
189,Customer 189,customer189@email.com,Surabaya,2023-07-08,735,Veteran
190,Customer 190,customer190@email.com,Medan,2023-07-09,734,Veteran
191,Customer 191,customer191@email.com,Medan,2023-07-10,733,Veteran
192,Customer 192,customer192@email.com,Surabaya,2023-07-11,732,Veteran
193,Customer 193,customer193@email.com,Yogyakarta,2023-07-12,731,Veteran
194,Customer 194,customer194@email.com,Yogyakarta,2023-07-13,730,Veteran
195,Customer 195,customer195@email.com,Yogyakarta,2023-07-14,729,Veteran
196,Customer 196,customer196@email.com,Jakarta,2023-07-15,728,Veteran
197,Customer 197,customer197@email.com,Medan,2023-07-16,727,Veteran
198,Customer 198,customer198@email.com,Jakarta,2023-07-17,726,Veteran
199,Customer 199,customer199@email.com,Medan,2023-07-18,725,Veteran
200,Customer 200,customer200@email.com,Yogyakarta,2023-07-19,724,Veteran
201,Customer 201,customer201@email.com,Medan,2023-07-20,723,Veteran
202,Customer 202,customer202@email.com,Surabaya,2023-07-21,722,Veteran
203,Customer 203,customer203@email.com,Yogyakarta,2023-07-22,721,Veteran
204,Customer 204,customer204@email.com,Medan,2023-07-23,720,Veteran
205,Customer 205,customer205@email.com,Bandung,2023-07-24,719,Veteran
206,Customer 206,customer206@email.com,Yogyakarta,2023-07-25,718,Veteran
207,Customer 207,customer207@email.com,Yogyakarta,2023-07-26,717,Veteran
208,Customer 208,customer208@email.com,Bandung,2023-07-27,716,Veteran
209,Customer 209,customer209@email.com,Medan,2023-07-28,715,Veteran
210,Customer 210,customer210@email.com,Bandung,2023-07-29,714,Veteran
211,Customer 211,customer211@email.com,Jakarta,2023-07-30,713,Veteran
212,Customer 212,customer212@email.com,Bandung,2023-07-31,712,Veteran
213,Customer 213,customer213@email.com,Medan,2023-08-01,711,Veteran
214,Customer 214,customer214@email.com,Jakarta,2023-08-02,710,Veteran
215,Customer 215,customer215@email.com,Yogyakarta,2023-08-03,709,Veteran
216,Customer 216,customer216@email.com,Surabaya,2023-08-04,708,Veteran
217,Customer 217,customer217@email.com,Surabaya,2023-08-05,707,Veteran
218,Customer 218,customer218@email.com,Bandung,2023-08-06,706,Veteran
219,Customer 219,customer219@email.com,Bandung,2023-08-07,705,Veteran
220,Customer 220,customer220@email.com,Bandung,2023-08-08,704,Veteran
221,Customer 221,customer221@email.com,Surabaya,2023-08-09,703,Veteran
222,Customer 222,customer222@email.com,Medan,2023-08-10,702,Veteran
223,Customer 223,customer223@email.com,Yogyakarta,2023-08-11,701,Veteran
224,Customer 224,customer224@email.com,Surabaya,2023-08-12,700,Veteran
225,Customer 225,customer225@email.com,Surabaya,2023-08-13,699,Veteran
226,Customer 226,customer226@email.com,Yogyakarta,2023-08-14,698,Veteran
227,Customer 227,customer227@email.com,Yogyakarta,2023-08-15,697,Veteran
228,Customer 228,customer228@email.com,Surabaya,2023-08-16,696,Veteran
229,Customer 229,customer229@email.com,Surabaya,2023-08-17,695,Veteran
230,Customer 230,customer230@email.com,Yogyakarta,2023-08-18,694,Veteran
231,Customer 231,customer231@email.com,Yogyakarta,2023-08-19,693,Veteran
232,Customer 232,customer232@email.com,Medan,2023-08-20,692,Veteran
233,Customer 233,customer233@email.com,Surabaya,2023-08-21,691,Veteran
234,Customer 234,customer234@email.com,Surabaya,2023-08-22,690,Veteran
235,Customer 235,customer235@email.com,Bandung,2023-08-23,689,Veteran
236,Customer 236,customer236@email.com,Jakarta,2023-08-24,688,Veteran
237,Customer 237,customer237@email.com,Surabaya,2023-08-25,687,Veteran
238,Customer 238,customer238@email.com,Medan,2023-08-26,686,Veteran
239,Customer 239,customer239@email.com,Jakarta,2023-08-27,685,Veteran
240,Customer 240,customer240@email.com,Surabaya,2023-08-28,684,Veteran
241,Customer 241,customer241@email.com,Bandung,2023-08-29,683,Veteran
242,Customer 242,customer242@email.com,Bandung,2023-08-30,682,Veteran
243,Customer 243,customer243@email.com,Yogyakarta,2023-08-31,681,Veteran
244,Customer 244,customer244@email.com,Medan,2023-09-01,680,Veteran
245,Customer 245,customer245@email.com,Medan,2023-09-02,679,Veteran
246,Customer 246,customer246@email.com,Medan,2023-09-03,678,Veteran
247,Customer 247,customer247@email.com,Yogyakarta,2023-09-04,677,Veteran
248,Customer 248,customer248@email.com,Yogyakarta,2023-09-05,676,Veteran
249,Customer 249,customer249@email.com,Surabaya,2023-09-06,675,Veteran
250,Customer 250,customer250@email.com,Bandung,2023-09-07,674,Veteran
251,Customer 251,customer251@email.com,Bandung,2023-09-08,673,Veteran
252,Customer 252,customer252@email.com,Jakarta,2023-09-09,672,Veteran
253,Customer 253,customer253@email.com,Yogyakarta,2023-09-10,671,Veteran
254,Customer 254,customer254@email.com,Surabaya,2023-09-11,670,Veteran
255,Customer 255,customer255@email.com,Jakarta,2023-09-12,669,Veteran
256,Customer 256,customer256@email.com,Yogyakarta,2023-09-13,668,Veteran
257,Customer 257,customer257@email.com,Yogyakarta,2023-09-14,667,Veteran
258,Customer 258,customer258@email.com,Yogyakarta,2023-09-15,666,Veteran
259,Customer 259,customer259@email.com,Jakarta,2023-09-16,665,Veteran
260,Customer 260,customer260@email.com,Bandung,2023-09-17,664,Veteran
261,Customer 261,customer261@email.com,Medan,2023-09-18,663,Veteran
262,Customer 262,customer262@email.com,Medan,2023-09-19,662,Veteran
263,Customer 263,customer263@email.com,Surabaya,2023-09-20,661,Veteran
264,Customer 264,customer264@email.com,Bandung,2023-09-21,660,Veteran
265,Customer 265,customer265@email.com,Bandung,2023-09-22,659,Veteran
266,Customer 266,customer266@email.com,Jakarta,2023-09-23,658,Veteran
267,Customer 267,customer267@email.com,Surabaya,2023-09-24,657,Veteran
268,Customer 268,customer268@email.com,Yogyakarta,2023-09-25,656,Veteran
269,Customer 269,customer269@email.com,Jakarta,2023-09-26,655,Veteran
270,Customer 270,customer270@email.com,Medan,2023-09-27,654,Veteran
271,Customer 271,customer271@email.com,Surabaya,2023-09-28,653,Veteran
272,Customer 272,customer272@email.com,Bandung,2023-09-29,652,Veteran
273,Customer 273,customer273@email.com,Jakarta,2023-09-30,651,Veteran
274,Customer 274,customer274@email.com,Yogyakarta,2023-10-01,650,Veteran
275,Customer 275,customer275@email.com,Medan,2023-10-02,649,Veteran
276,Customer 276,customer276@email.com,Jakarta,2023-10-03,648,Veteran
277,Customer 277,customer277@email.com,Surabaya,2023-10-04,647,Veteran
278,Customer 278,customer278@email.com,Yogyakarta,2023-10-05,646,Veteran
279,Customer 279,customer279@email.com,Yogyakarta,2023-10-06,645,Veteran
280,Customer 280,customer280@email.com,Bandung,2023-10-07,644,Veteran
281,Customer 281,customer281@email.com,Bandung,2023-10-08,643,Veteran
282,Customer 282,customer282@email.com,Bandung,2023-10-09,642,Veteran
283,Customer 283,customer283@email.com,Surabaya,2023-10-10,641,Veteran
284,Customer 284,customer284@email.com,Surabaya,2023-10-11,640,Veteran
285,Customer 285,customer285@email.com,Medan,2023-10-12,639,Veteran
286,Customer 286,customer286@email.com,Bandung,2023-10-13,638,Veteran
287,Customer 287,customer287@email.com,Jakarta,2023-10-14,637,Veteran
288,Customer 288,customer288@email.com,Bandung,2023-10-15,636,Veteran
289,Customer 289,customer289@email.com,Jakarta,2023-10-16,635,Veteran
290,Customer 290,customer290@email.com,Surabaya,2023-10-17,634,Veteran
291,Customer 291,customer291@email.com,Jakarta,2023-10-18,633,Veteran
292,Customer 292,customer292@email.com,Bandung,2023-10-19,632,Veteran
293,Customer 293,customer293@email.com,Yogyakarta,2023-10-20,631,Veteran
294,Customer 294,customer294@email.com,Surabaya,2023-10-21,630,Veteran
295,Customer 295,customer295@email.com,Medan,2023-10-22,629,Veteran
296,Customer 296,customer296@email.com,Yogyakarta,2023-10-23,628,Veteran
297,Customer 297,customer297@email.com,Jakarta,2023-10-24,627,Veteran
298,Customer 298,customer298@email.com,Yogyakarta,2023-10-25,626,Veteran
299,Customer 299,customer299@email.com,Medan,2023-10-26,625,Veteran
300,Customer 300,customer300@email.com,Bandung,2023-10-27,624,Veteran
301,Customer 301,customer301@email.com,Medan,2023-10-28,623,Veteran
302,Customer 302,customer302@email.com,Surabaya,2023-10-29,622,Veteran
303,Customer 303,customer303@email.com,Yogyakarta,2023-10-30,621,Veteran
304,Customer 304,customer304@email.com,Surabaya,2023-10-31,620,Veteran
305,Customer 305,customer305@email.com,Yogyakarta,2023-11-01,619,Veteran
306,Customer 306,customer306@email.com,Bandung,2023-11-02,618,Veteran
307,Customer 307,customer307@email.com,Bandung,2023-11-03,617,Veteran
308,Customer 308,customer308@email.com,Yogyakarta,2023-11-04,616,Veteran
309,Customer 309,customer309@email.com,Jakarta,2023-11-05,615,Veteran
310,Customer 310,customer310@email.com,Yogyakarta,2023-11-06,614,Veteran
311,Customer 311,customer311@email.com,Surabaya,2023-11-07,613,Veteran
312,Customer 312,customer312@email.com,Jakarta,2023-11-08,612,Veteran
313,Customer 313,customer313@email.com,Bandung,2023-11-09,611,Veteran
314,Customer 314,customer314@email.com,Surabaya,2023-11-10,610,Veteran
315,Customer 315,customer315@email.com,Yogyakarta,2023-11-11,609,Veteran
316,Customer 316,customer316@email.com,Surabaya,2023-11-12,608,Veteran
317,Customer 317,customer317@email.com,Surabaya,2023-11-13,607,Veteran
318,Customer 318,customer318@email.com,Surabaya,2023-11-14,606,Veteran
319,Customer 319,customer319@email.com,Bandung,2023-11-15,605,Veteran
320,Customer 320,customer320@email.com,Bandung,2023-11-16,604,Veteran
321,Customer 321,customer321@email.com,Medan,2023-11-17,603,Veteran
322,Customer 322,customer322@email.com,Surabaya,2023-11-18,602,Veteran
323,Customer 323,customer323@email.com,Jakarta,2023-11-19,601,Veteran
324,Customer 324,customer324@email.com,Surabaya,2023-11-20,600,Veteran
325,Customer 325,customer325@email.com,Surabaya,2023-11-21,599,Veteran
326,Customer 326,customer326@email.com,Medan,2023-11-22,598,Veteran
327,Customer 327,customer327@email.com,Bandung,2023-11-23,597,Veteran
328,Customer 328,customer328@email.com,Bandung,2023-11-24,596,Veteran
329,Customer 329,customer329@email.com,Yogyakarta,2023-11-25,595,Veteran
330,Customer 330,customer330@email.com,Yogyakarta,2023-11-26,594,Veteran
331,Customer 331,customer331@email.com,Surabaya,2023-11-27,593,Veteran
332,Customer 332,customer332@email.com,Medan,2023-11-28,592,Veteran
333,Customer 333,customer333@email.com,Jakarta,2023-11-29,591,Veteran
334,Customer 334,customer334@email.com,Surabaya,2023-11-30,590,Veteran
335,Customer 335,customer335@email.com,Jakarta,2023-12-01,589,Veteran
336,Customer 336,customer336@email.com,Bandung,2023-12-02,588,Veteran
337,Customer 337,customer337@email.com,Yogyakarta,2023-12-03,587,Veteran
338,Customer 338,customer338@email.com,Jakarta,2023-12-04,586,Veteran
339,Customer 339,customer339@email.com,Surabaya,2023-12-05,585,Veteran
340,Customer 340,customer340@email.com,Yogyakarta,2023-12-06,584,Veteran
341,Customer 341,customer341@email.com,Medan,2023-12-07,583,Veteran
342,Customer 342,customer342@email.com,Yogyakarta,2023-12-08,582,Veteran
343,Customer 343,customer343@email.com,Bandung,2023-12-09,581,Veteran
344,Customer 344,customer344@email.com,Jakarta,2023-12-10,580,Veteran
345,Customer 345,customer345@email.com,Jakarta,2023-12-11,579,Veteran
346,Customer 346,customer346@email.com,Medan,2023-12-12,578,Veteran
347,Customer 347,customer347@email.com,Bandung,2023-12-13,577,Veteran
348,Customer 348,customer348@email.com,Jakarta,2023-12-14,576,Veteran
349,Customer 349,customer349@email.com,Medan,2023-12-15,575,Veteran
350,Customer 350,customer350@email.com,Medan,2023-12-16,574,Veteran
351,Customer 351,customer351@email.com,Bandung,2023-12-17,573,Veteran
352,Customer 352,customer352@email.com,Bandung,2023-12-18,572,Veteran
353,Customer 353,customer353@email.com,Bandung,2023-12-19,571,Veteran
354,Customer 354,customer354@email.com,Bandung,2023-12-20,570,Veteran
355,Customer 355,customer355@email.com,Jakarta,2023-12-21,569,Veteran
356,Customer 356,customer356@email.com,Bandung,2023-12-22,568,Veteran
357,Customer 357,customer357@email.com,Medan,2023-12-23,567,Veteran
358,Customer 358,customer358@email.com,Jakarta,2023-12-24,566,Veteran
359,Customer 359,customer359@email.com,Medan,2023-12-25,565,Veteran
360,Customer 360,customer360@email.com,Bandung,2023-12-26,564,Veteran
361,Customer 361,customer361@email.com,Jakarta,2023-12-27,563,Veteran
362,Customer 362,customer362@email.com,Surabaya,2023-12-28,562,Veteran
363,Customer 363,customer363@email.com,Jakarta,2023-12-29,561,Veteran
364,Customer 364,customer364@email.com,Yogyakarta,2023-12-30,560,Veteran
365,Customer 365,customer365@email.com,Medan,2023-12-31,559,Veteran
366,Customer 366,customer366@email.com,Surabaya,2024-01-01,558,Veteran
367,Customer 367,customer367@email.com,Yogyakarta,2024-01-02,557,Veteran
368,Customer 368,customer368@email.com,Yogyakarta,2024-01-03,556,Veteran
369,Customer 369,customer369@email.com,Medan,2024-01-04,555,Veteran
370,Customer 370,customer370@email.com,Surabaya,2024-01-05,554,Veteran
371,Customer 371,customer371@email.com,Jakarta,2024-01-06,553,Veteran
372,Customer 372,customer372@email.com,Jakarta,2024-01-07,552,Veteran
373,Customer 373,customer373@email.com,Surabaya,2024-01-08,551,Veteran
374,Customer 374,customer374@email.com,Surabaya,2024-01-09,550,Veteran
375,Customer 375,customer375@email.com,Jakarta,2024-01-10,549,Veteran
376,Customer 376,customer376@email.com,Yogyakarta,2024-01-11,548,Veteran
377,Customer 377,customer377@email.com,Jakarta,2024-01-12,547,Veteran
378,Customer 378,customer378@email.com,Bandung,2024-01-13,546,Veteran
379,Customer 379,customer379@email.com,Medan,2024-01-14,545,Veteran
380,Customer 380,customer380@email.com,Yogyakarta,2024-01-15,544,Veteran
381,Customer 381,customer381@email.com,Bandung,2024-01-16,543,Veteran
382,Customer 382,customer382@email.com,Surabaya,2024-01-17,542,Veteran
383,Customer 383,customer383@email.com,Jakarta,2024-01-18,541,Veteran
384,Customer 384,customer384@email.com,Jakarta,2024-01-19,540,Veteran
385,Customer 385,customer385@email.com,Medan,2024-01-20,539,Veteran
386,Customer 386,customer386@email.com,Medan,2024-01-21,538,Veteran
387,Customer 387,customer387@email.com,Jakarta,2024-01-22,537,Veteran
388,Customer 388,customer388@email.com,Surabaya,2024-01-23,536,Veteran
389,Customer 389,customer389@email.com,Surabaya,2024-01-24,535,Veteran
390,Customer 390,customer390@email.com,Bandung,2024-01-25,534,Veteran
391,Customer 391,customer391@email.com,Yogyakarta,2024-01-26,533,Veteran
392,Customer 392,customer392@email.com,Medan,2024-01-27,532,Veteran
393,Customer 393,customer393@email.com,Bandung,2024-01-28,531,Veteran
394,Customer 394,customer394@email.com,Surabaya,2024-01-29,530,Veteran
395,Customer 395,customer395@email.com,Bandung,2024-01-30,529,Veteran
396,Customer 396,customer396@email.com,Bandung,2024-01-31,528,Veteran
397,Customer 397,customer397@email.com,Bandung,2024-02-01,527,Veteran
398,Customer 398,customer398@email.com,Bandung,2024-02-02,526,Veteran
399,Customer 399,customer399@email.com,Yogyakarta,2024-02-03,525,Veteran
400,Customer 400,customer400@email.com,Jakarta,2024-02-04,524,Veteran
401,Customer 401,customer401@email.com,Jakarta,2024-02-05,523,Veteran
402,Customer 402,customer402@email.com,Jakarta,2024-02-06,522,Veteran
403,Customer 403,customer403@email.com,Bandung,2024-02-07,521,Veteran
404,Customer 404,customer404@email.com,Yogyakarta,2024-02-08,520,Veteran
405,Customer 405,customer405@email.com,Bandung,2024-02-09,519,Veteran
406,Customer 406,customer406@email.com,Surabaya,2024-02-10,518,Veteran
407,Customer 407,customer407@email.com,Yogyakarta,2024-02-11,517,Veteran
408,Customer 408,customer408@email.com,Medan,2024-02-12,516,Veteran
409,Customer 409,customer409@email.com,Yogyakarta,2024-02-13,515,Veteran
410,Customer 410,customer410@email.com,Yogyakarta,2024-02-14,514,Veteran
411,Customer 411,customer411@email.com,Surabaya,2024-02-15,513,Veteran
412,Customer 412,customer412@email.com,Medan,2024-02-16,512,Veteran
413,Customer 413,customer413@email.com,Medan,2024-02-17,511,Veteran
414,Customer 414,customer414@email.com,Bandung,2024-02-18,510,Veteran
415,Customer 415,customer415@email.com,Medan,2024-02-19,509,Veteran
416,Customer 416,customer416@email.com,Bandung,2024-02-20,508,Veteran
417,Customer 417,customer417@email.com,Yogyakarta,2024-02-21,507,Veteran
418,Customer 418,customer418@email.com,Surabaya,2024-02-22,506,Veteran
419,Customer 419,customer419@email.com,Bandung,2024-02-23,505,Veteran
420,Customer 420,customer420@email.com,Yogyakarta,2024-02-24,504,Veteran
421,Customer 421,customer421@email.com,Jakarta,2024-02-25,503,Veteran
422,Customer 422,customer422@email.com,Medan,2024-02-26,502,Veteran
423,Customer 423,customer423@email.com,Jakarta,2024-02-27,501,Veteran
424,Customer 424,customer424@email.com,Bandung,2024-02-28,500,Veteran
425,Customer 425,customer425@email.com,Jakarta,2024-02-29,499,Veteran
426,Customer 426,customer426@email.com,Bandung,2024-03-01,498,Veteran
427,Customer 427,customer427@email.com,Jakarta,2024-03-02,497,Veteran
428,Customer 428,customer428@email.com,Surabaya,2024-03-03,496,Veteran
429,Customer 429,customer429@email.com,Yogyakarta,2024-03-04,495,Veteran
430,Customer 430,customer430@email.com,Bandung,2024-03-05,494,Veteran
431,Customer 431,customer431@email.com,Bandung,2024-03-06,493,Veteran
432,Customer 432,customer432@email.com,Surabaya,2024-03-07,492,Veteran
433,Customer 433,customer433@email.com,Yogyakarta,2024-03-08,491,Veteran
434,Customer 434,customer434@email.com,Surabaya,2024-03-09,490,Veteran
435,Customer 435,customer435@email.com,Surabaya,2024-03-10,489,Veteran
436,Customer 436,customer436@email.com,Yogyakarta,2024-03-11,488,Veteran
437,Customer 437,customer437@email.com,Jakarta,2024-03-12,487,Veteran
438,Customer 438,customer438@email.com,Jakarta,2024-03-13,486,Veteran
439,Customer 439,customer439@email.com,Bandung,2024-03-14,485,Veteran
440,Customer 440,customer440@email.com,Surabaya,2024-03-15,484,Veteran
441,Customer 441,customer441@email.com,Surabaya,2024-03-16,483,Veteran
442,Customer 442,customer442@email.com,Yogyakarta,2024-03-17,482,Veteran
443,Customer 443,customer443@email.com,Bandung,2024-03-18,481,Veteran
444,Customer 444,customer444@email.com,Medan,2024-03-19,480,Veteran
445,Customer 445,customer445@email.com,Yogyakarta,2024-03-20,479,Veteran
446,Customer 446,customer446@email.com,Jakarta,2024-03-21,478,Veteran
447,Customer 447,customer447@email.com,Surabaya,2024-03-22,477,Veteran
448,Customer 448,customer448@email.com,Surabaya,2024-03-23,476,Veteran
449,Customer 449,customer449@email.com,Surabaya,2024-03-24,475,Veteran
450,Customer 450,customer450@email.com,Surabaya,2024-03-25,474,Veteran
451,Customer 451,customer451@email.com,Surabaya,2024-03-26,473,Veteran
452,Customer 452,customer452@email.com,Medan,2024-03-27,472,Veteran
453,Customer 453,customer453@email.com,Jakarta,2024-03-28,471,Veteran
454,Customer 454,customer454@email.com,Surabaya,2024-03-29,470,Veteran
455,Customer 455,customer455@email.com,Medan,2024-03-30,469,Veteran
456,Customer 456,customer456@email.com,Jakarta,2024-03-31,468,Veteran
457,Customer 457,customer457@email.com,Bandung,2024-04-01,467,Veteran
458,Customer 458,customer458@email.com,Bandung,2024-04-02,466,Veteran
459,Customer 459,customer459@email.com,Medan,2024-04-03,465,Veteran
460,Customer 460,customer460@email.com,Surabaya,2024-04-04,464,Veteran
461,Customer 461,customer461@email.com,Medan,2024-04-05,463,Veteran
462,Customer 462,customer462@email.com,Bandung,2024-04-06,462,Veteran
463,Customer 463,customer463@email.com,Bandung,2024-04-07,461,Veteran
464,Customer 464,customer464@email.com,Jakarta,2024-04-08,460,Veteran
465,Customer 465,customer465@email.com,Yogyakarta,2024-04-09,459,Veteran
466,Customer 466,customer466@email.com,Bandung,2024-04-10,458,Veteran
467,Customer 467,customer467@email.com,Medan,2024-04-11,457,Veteran
468,Customer 468,customer468@email.com,Jakarta,2024-04-12,456,Veteran
469,Customer 469,customer469@email.com,Medan,2024-04-13,455,Veteran
470,Customer 470,customer470@email.com,Surabaya,2024-04-14,454,Veteran
471,Customer 471,customer471@email.com,Medan,2024-04-15,453,Veteran
472,Customer 472,customer472@email.com,Bandung,2024-04-16,452,Veteran
473,Customer 473,customer473@email.com,Yogyakarta,2024-04-17,451,Veteran
474,Customer 474,customer474@email.com,Bandung,2024-04-18,450,Veteran
475,Customer 475,customer475@email.com,Surabaya,2024-04-19,449,Veteran
476,Customer 476,customer476@email.com,Jakarta,2024-04-20,448,Veteran
477,Customer 477,customer477@email.com,Jakarta,2024-04-21,447,Veteran
478,Customer 478,customer478@email.com,Bandung,2024-04-22,446,Veteran
479,Customer 479,customer479@email.com,Medan,2024-04-23,445,Veteran
480,Customer 480,customer480@email.com,Bandung,2024-04-24,444,Veteran
481,Customer 481,customer481@email.com,Jakarta,2024-04-25,443,Veteran
482,Customer 482,customer482@email.com,Yogyakarta,2024-04-26,442,Veteran
483,Customer 483,customer483@email.com,Yogyakarta,2024-04-27,441,Veteran
484,Customer 484,customer484@email.com,Yogyakarta,2024-04-28,440,Veteran
485,Customer 485,customer485@email.com,Jakarta,2024-04-29,439,Veteran
486,Customer 486,customer486@email.com,Jakarta,2024-04-30,438,Veteran
487,Customer 487,customer487@email.com,Yogyakarta,2024-05-01,437,Veteran
488,Customer 488,customer488@email.com,Yogyakarta,2024-05-02,436,Veteran
489,Customer 489,customer489@email.com,Jakarta,2024-05-03,435,Veteran
490,Customer 490,customer490@email.com,Jakarta,2024-05-04,434,Veteran
491,Customer 491,customer491@email.com,Medan,2024-05-05,433,Veteran
492,Customer 492,customer492@email.com,Medan,2024-05-06,432,Veteran
493,Customer 493,customer493@email.com,Bandung,2024-05-07,431,Veteran
494,Customer 494,customer494@email.com,Yogyakarta,2024-05-08,430,Veteran
495,Customer 495,customer495@email.com,Medan,2024-05-09,429,Veteran
496,Customer 496,customer496@email.com,Yogyakarta,2024-05-10,428,Veteran
497,Customer 497,customer497@email.com,Yogyakarta,2024-05-11,427,Veteran
498,Customer 498,customer498@email.com,Yogyakarta,2024-05-12,426,Veteran
499,Customer 499,customer499@email.com,Bandung,2024-05-13,425,Veteran
500,Customer 500,customer500@email.com,Medan,2024-05-14,424,Veteran
501,Customer 501,customer501@email.com,Jakarta,2024-05-15,423,Veteran
502,Customer 502,customer502@email.com,Medan,2024-05-16,422,Veteran
503,Customer 503,customer503@email.com,Surabaya,2024-05-17,421,Veteran
504,Customer 504,customer504@email.com,Surabaya,2024-05-18,420,Veteran
505,Customer 505,customer505@email.com,Jakarta,2024-05-19,419,Veteran
506,Customer 506,customer506@email.com,Medan,2024-05-20,418,Veteran
507,Customer 507,customer507@email.com,Jakarta,2024-05-21,417,Veteran
508,Customer 508,customer508@email.com,Medan,2024-05-22,416,Veteran
509,Customer 509,customer509@email.com,Jakarta,2024-05-23,415,Veteran
510,Customer 510,customer510@email.com,Yogyakarta,2024-05-24,414,Veteran
511,Customer 511,customer511@email.com,Bandung,2024-05-25,413,Veteran
512,Customer 512,customer512@email.com,Jakarta,2024-05-26,412,Veteran
513,Customer 513,customer513@email.com,Jakarta,2024-05-27,411,Veteran
514,Customer 514,customer514@email.com,Bandung,2024-05-28,410,Veteran
515,Customer 515,customer515@email.com,Medan,2024-05-29,409,Veteran
516,Customer 516,customer516@email.com,Medan,2024-05-30,408,Veteran
517,Customer 517,customer517@email.com,Jakarta,2024-05-31,407,Veteran
518,Customer 518,customer518@email.com,Medan,2024-06-01,406,Veteran
519,Customer 519,customer519@email.com,Jakarta,2024-06-02,405,Veteran
520,Customer 520,customer520@email.com,Surabaya,2024-06-03,404,Veteran
521,Customer 521,customer521@email.com,Medan,2024-06-04,403,Veteran
522,Customer 522,customer522@email.com,Medan,2024-06-05,402,Veteran
523,Customer 523,customer523@email.com,Yogyakarta,2024-06-06,401,Veteran
524,Customer 524,customer524@email.com,Bandung,2024-06-07,400,Veteran
525,Customer 525,customer525@email.com,Medan,2024-06-08,399,Veteran
526,Customer 526,customer526@email.com,Bandung,2024-06-09,398,Veteran
527,Customer 527,customer527@email.com,Jakarta,2024-06-10,397,Veteran
528,Customer 528,customer528@email.com,Yogyakarta,2024-06-11,396,Veteran
529,Customer 529,customer529@email.com,Jakarta,2024-06-12,395,Veteran
530,Customer 530,customer530@email.com,Medan,2024-06-13,394,Veteran
531,Customer 531,customer531@email.com,Medan,2024-06-14,393,Veteran
532,Customer 532,customer532@email.com,Jakarta,2024-06-15,392,Veteran
533,Customer 533,customer533@email.com,Surabaya,2024-06-16,391,Veteran
534,Customer 534,customer534@email.com,Jakarta,2024-06-17,390,Veteran
535,Customer 535,customer535@email.com,Yogyakarta,2024-06-18,389,Veteran
536,Customer 536,customer536@email.com,Yogyakarta,2024-06-19,388,Veteran
537,Customer 537,customer537@email.com,Bandung,2024-06-20,387,Veteran
538,Customer 538,customer538@email.com,Jakarta,2024-06-21,386,Veteran
539,Customer 539,customer539@email.com,Surabaya,2024-06-22,385,Veteran
540,Customer 540,customer540@email.com,Bandung,2024-06-23,384,Veteran
541,Customer 541,customer541@email.com,Yogyakarta,2024-06-24,383,Veteran
542,Customer 542,customer542@email.com,Medan,2024-06-25,382,Veteran
543,Customer 543,customer543@email.com,Jakarta,2024-06-26,381,Veteran
544,Customer 544,customer544@email.com,Surabaya,2024-06-27,380,Veteran
545,Customer 545,customer545@email.com,Bandung,2024-06-28,379,Veteran
546,Customer 546,customer546@email.com,Yogyakarta,2024-06-29,378,Veteran
547,Customer 547,customer547@email.com,Yogyakarta,2024-06-30,377,Veteran
548,Customer 548,customer548@email.com,Bandung,2024-07-01,376,Veteran
549,Customer 549,customer549@email.com,Surabaya,2024-07-02,375,Veteran
550,Customer 550,customer550@email.com,Yogyakarta,2024-07-03,374,Veteran
551,Customer 551,customer551@email.com,Medan,2024-07-04,373,Veteran
552,Customer 552,customer552@email.com,Yogyakarta,2024-07-05,372,Veteran
553,Customer 553,customer553@email.com,Yogyakarta,2024-07-06,371,Veteran
554,Customer 554,customer554@email.com,Yogyakarta,2024-07-07,370,Veteran
555,Customer 555,customer555@email.com,Yogyakarta,2024-07-08,369,Veteran
556,Customer 556,customer556@email.com,Surabaya,2024-07-09,368,Veteran
557,Customer 557,customer557@email.com,Yogyakarta,2024-07-10,367,Veteran
558,Customer 558,customer558@email.com,Yogyakarta,2024-07-11,366,Veteran
559,Customer 559,customer559@email.com,Jakarta,2024-07-12,365,Established
560,Customer 560,customer560@email.com,Bandung,2024-07-13,364,Established
561,Customer 561,customer561@email.com,Medan,2024-07-14,363,Established
562,Customer 562,customer562@email.com,Surabaya,2024-07-15,362,Established
563,Customer 563,customer563@email.com,Surabaya,2024-07-16,361,Established
564,Customer 564,customer564@email.com,Surabaya,2024-07-17,360,Established
565,Customer 565,customer565@email.com,Jakarta,2024-07-18,359,Established
566,Customer 566,customer566@email.com,Yogyakarta,2024-07-19,358,Established
567,Customer 567,customer567@email.com,Surabaya,2024-07-20,357,Established
568,Customer 568,customer568@email.com,Medan,2024-07-21,356,Established
569,Customer 569,customer569@email.com,Surabaya,2024-07-22,355,Established
570,Customer 570,customer570@email.com,Jakarta,2024-07-23,354,Established
571,Customer 571,customer571@email.com,Medan,2024-07-24,353,Established
572,Customer 572,customer572@email.com,Surabaya,2024-07-25,352,Established
573,Customer 573,customer573@email.com,Bandung,2024-07-26,351,Established
574,Customer 574,customer574@email.com,Jakarta,2024-07-27,350,Established
575,Customer 575,customer575@email.com,Surabaya,2024-07-28,349,Established
576,Customer 576,customer576@email.com,Bandung,2024-07-29,348,Established
577,Customer 577,customer577@email.com,Surabaya,2024-07-30,347,Established
578,Customer 578,customer578@email.com,Jakarta,2024-07-31,346,Established
579,Customer 579,customer579@email.com,Jakarta,2024-08-01,345,Established
580,Customer 580,customer580@email.com,Surabaya,2024-08-02,344,Established
581,Customer 581,customer581@email.com,Medan,2024-08-03,343,Established
582,Customer 582,customer582@email.com,Yogyakarta,2024-08-04,342,Established
583,Customer 583,customer583@email.com,Bandung,2024-08-05,341,Established
584,Customer 584,customer584@email.com,Bandung,2024-08-06,340,Established
585,Customer 585,customer585@email.com,Jakarta,2024-08-07,339,Established
586,Customer 586,customer586@email.com,Yogyakarta,2024-08-08,338,Established
587,Customer 587,customer587@email.com,Jakarta,2024-08-09,337,Established
588,Customer 588,customer588@email.com,Jakarta,2024-08-10,336,Established
589,Customer 589,customer589@email.com,Medan,2024-08-11,335,Established
590,Customer 590,customer590@email.com,Yogyakarta,2024-08-12,334,Established
591,Customer 591,customer591@email.com,Jakarta,2024-08-13,333,Established
592,Customer 592,customer592@email.com,Yogyakarta,2024-08-14,332,Established
593,Customer 593,customer593@email.com,Medan,2024-08-15,331,Established
594,Customer 594,customer594@email.com,Surabaya,2024-08-16,330,Established
595,Customer 595,customer595@email.com,Bandung,2024-08-17,329,Established
596,Customer 596,customer596@email.com,Surabaya,2024-08-18,328,Established
597,Customer 597,customer597@email.com,Bandung,2024-08-19,327,Established
598,Customer 598,customer598@email.com,Jakarta,2024-08-20,326,Established
599,Customer 599,customer599@email.com,Surabaya,2024-08-21,325,Established
600,Customer 600,customer600@email.com,Bandung,2024-08-22,324,Established
601,Customer 601,customer601@email.com,Yogyakarta,2024-08-23,323,Established
602,Customer 602,customer602@email.com,Surabaya,2024-08-24,322,Established
603,Customer 603,customer603@email.com,Jakarta,2024-08-25,321,Established
604,Customer 604,customer604@email.com,Medan,2024-08-26,320,Established
605,Customer 605,customer605@email.com,Yogyakarta,2024-08-27,319,Established
606,Customer 606,customer606@email.com,Jakarta,2024-08-28,318,Established
607,Customer 607,customer607@email.com,Yogyakarta,2024-08-29,317,Established
608,Customer 608,customer608@email.com,Jakarta,2024-08-30,316,Established
609,Customer 609,customer609@email.com,Surabaya,2024-08-31,315,Established
610,Customer 610,customer610@email.com,Medan,2024-09-01,314,Established
611,Customer 611,customer611@email.com,Jakarta,2024-09-02,313,Established
612,Customer 612,customer612@email.com,Yogyakarta,2024-09-03,312,Established
613,Customer 613,customer613@email.com,Surabaya,2024-09-04,311,Established
614,Customer 614,customer614@email.com,Surabaya,2024-09-05,310,Established
615,Customer 615,customer615@email.com,Yogyakarta,2024-09-06,309,Established
616,Customer 616,customer616@email.com,Yogyakarta,2024-09-07,308,Established
617,Customer 617,customer617@email.com,Medan,2024-09-08,307,Established
618,Customer 618,customer618@email.com,Medan,2024-09-09,306,Established
619,Customer 619,customer619@email.com,Yogyakarta,2024-09-10,305,Established
620,Customer 620,customer620@email.com,Jakarta,2024-09-11,304,Established
621,Customer 621,customer621@email.com,Medan,2024-09-12,303,Established
622,Customer 622,customer622@email.com,Bandung,2024-09-13,302,Established
623,Customer 623,customer623@email.com,Surabaya,2024-09-14,301,Established
624,Customer 624,customer624@email.com,Medan,2024-09-15,300,Established
625,Customer 625,customer625@email.com,Bandung,2024-09-16,299,Established
626,Customer 626,customer626@email.com,Bandung,2024-09-17,298,Established
627,Customer 627,customer627@email.com,Jakarta,2024-09-18,297,Established
628,Customer 628,customer628@email.com,Yogyakarta,2024-09-19,296,Established
629,Customer 629,customer629@email.com,Medan,2024-09-20,295,Established
630,Customer 630,customer630@email.com,Bandung,2024-09-21,294,Established
631,Customer 631,customer631@email.com,Bandung,2024-09-22,293,Established
632,Customer 632,customer632@email.com,Surabaya,2024-09-23,292,Established
633,Customer 633,customer633@email.com,Jakarta,2024-09-24,291,Established
634,Customer 634,customer634@email.com,Yogyakarta,2024-09-25,290,Established
635,Customer 635,customer635@email.com,Bandung,2024-09-26,289,Established
636,Customer 636,customer636@email.com,Bandung,2024-09-27,288,Established
637,Customer 637,customer637@email.com,Bandung,2024-09-28,287,Established
638,Customer 638,customer638@email.com,Surabaya,2024-09-29,286,Established
639,Customer 639,customer639@email.com,Yogyakarta,2024-09-30,285,Established
640,Customer 640,customer640@email.com,Jakarta,2024-10-01,284,Established
641,Customer 641,customer641@email.com,Yogyakarta,2024-10-02,283,Established
642,Customer 642,customer642@email.com,Medan,2024-10-03,282,Established
643,Customer 643,customer643@email.com,Yogyakarta,2024-10-04,281,Established
644,Customer 644,customer644@email.com,Jakarta,2024-10-05,280,Established
645,Customer 645,customer645@email.com,Medan,2024-10-06,279,Established
646,Customer 646,customer646@email.com,Yogyakarta,2024-10-07,278,Established
647,Customer 647,customer647@email.com,Bandung,2024-10-08,277,Established
648,Customer 648,customer648@email.com,Jakarta,2024-10-09,276,Established
649,Customer 649,customer649@email.com,Surabaya,2024-10-10,275,Established
650,Customer 650,customer650@email.com,Surabaya,2024-10-11,274,Established
651,Customer 651,customer651@email.com,Yogyakarta,2024-10-12,273,Established
652,Customer 652,customer652@email.com,Bandung,2024-10-13,272,Established
653,Customer 653,customer653@email.com,Surabaya,2024-10-14,271,Established
654,Customer 654,customer654@email.com,Bandung,2024-10-15,270,Established
655,Customer 655,customer655@email.com,Yogyakarta,2024-10-16,269,Established
656,Customer 656,customer656@email.com,Medan,2024-10-17,268,Established
657,Customer 657,customer657@email.com,Medan,2024-10-18,267,Established
658,Customer 658,customer658@email.com,Medan,2024-10-19,266,Established
659,Customer 659,customer659@email.com,Surabaya,2024-10-20,265,Established
660,Customer 660,customer660@email.com,Bandung,2024-10-21,264,Established
661,Customer 661,customer661@email.com,Bandung,2024-10-22,263,Established
662,Customer 662,customer662@email.com,Surabaya,2024-10-23,262,Established
663,Customer 663,customer663@email.com,Jakarta,2024-10-24,261,Established
664,Customer 664,customer664@email.com,Surabaya,2024-10-25,260,Established
665,Customer 665,customer665@email.com,Jakarta,2024-10-26,259,Established
666,Customer 666,customer666@email.com,Medan,2024-10-27,258,Established
667,Customer 667,customer667@email.com,Yogyakarta,2024-10-28,257,Established
668,Customer 668,customer668@email.com,Surabaya,2024-10-29,256,Established
669,Customer 669,customer669@email.com,Medan,2024-10-30,255,Established
670,Customer 670,customer670@email.com,Yogyakarta,2024-10-31,254,Established
671,Customer 671,customer671@email.com,Jakarta,2024-11-01,253,Established
672,Customer 672,customer672@email.com,Medan,2024-11-02,252,Established
673,Customer 673,customer673@email.com,Medan,2024-11-03,251,Established
674,Customer 674,customer674@email.com,Medan,2024-11-04,250,Established
675,Customer 675,customer675@email.com,Bandung,2024-11-05,249,Established
676,Customer 676,customer676@email.com,Yogyakarta,2024-11-06,248,Established
677,Customer 677,customer677@email.com,Medan,2024-11-07,247,Established
678,Customer 678,customer678@email.com,Yogyakarta,2024-11-08,246,Established
679,Customer 679,customer679@email.com,Medan,2024-11-09,245,Established
680,Customer 680,customer680@email.com,Yogyakarta,2024-11-10,244,Established
681,Customer 681,customer681@email.com,Medan,2024-11-11,243,Established
682,Customer 682,customer682@email.com,Medan,2024-11-12,242,Established
683,Customer 683,customer683@email.com,Yogyakarta,2024-11-13,241,Established
684,Customer 684,customer684@email.com,Surabaya,2024-11-14,240,Established
685,Customer 685,customer685@email.com,Jakarta,2024-11-15,239,Established
686,Customer 686,customer686@email.com,Yogyakarta,2024-11-16,238,Established
687,Customer 687,customer687@email.com,Yogyakarta,2024-11-17,237,Established
688,Customer 688,customer688@email.com,Medan,2024-11-18,236,Established
689,Customer 689,customer689@email.com,Surabaya,2024-11-19,235,Established
690,Customer 690,customer690@email.com,Jakarta,2024-11-20,234,Established
691,Customer 691,customer691@email.com,Medan,2024-11-21,233,Established
692,Customer 692,customer692@email.com,Yogyakarta,2024-11-22,232,Established
693,Customer 693,customer693@email.com,Medan,2024-11-23,231,Established
694,Customer 694,customer694@email.com,Medan,2024-11-24,230,Established
695,Customer 695,customer695@email.com,Medan,2024-11-25,229,Established
696,Customer 696,customer696@email.com,Bandung,2024-11-26,228,Established
697,Customer 697,customer697@email.com,Bandung,2024-11-27,227,Established
698,Customer 698,customer698@email.com,Medan,2024-11-28,226,Established
699,Customer 699,customer699@email.com,Bandung,2024-11-29,225,Established
700,Customer 700,customer700@email.com,Bandung,2024-11-30,224,Established
701,Customer 701,customer701@email.com,Surabaya,2024-12-01,223,Established
702,Customer 702,customer702@email.com,Bandung,2024-12-02,222,Established
703,Customer 703,customer703@email.com,Bandung,2024-12-03,221,Established
704,Customer 704,customer704@email.com,Surabaya,2024-12-04,220,Established
705,Customer 705,customer705@email.com,Jakarta,2024-12-05,219,Established
706,Customer 706,customer706@email.com,Surabaya,2024-12-06,218,Established
707,Customer 707,customer707@email.com,Medan,2024-12-07,217,Established
708,Customer 708,customer708@email.com,Medan,2024-12-08,216,Established
709,Customer 709,customer709@email.com,Bandung,2024-12-09,215,Established
710,Customer 710,customer710@email.com,Jakarta,2024-12-10,214,Established
711,Customer 711,customer711@email.com,Yogyakarta,2024-12-11,213,Established
712,Customer 712,customer712@email.com,Medan,2024-12-12,212,Established
713,Customer 713,customer713@email.com,Medan,2024-12-13,211,Established
714,Customer 714,customer714@email.com,Yogyakarta,2024-12-14,210,Established
715,Customer 715,customer715@email.com,Jakarta,2024-12-15,209,Established
716,Customer 716,customer716@email.com,Bandung,2024-12-16,208,Established
717,Customer 717,customer717@email.com,Surabaya,2024-12-17,207,Established
718,Customer 718,customer718@email.com,Medan,2024-12-18,206,Established
719,Customer 719,customer719@email.com,Surabaya,2024-12-19,205,Established
720,Customer 720,customer720@email.com,Surabaya,2024-12-20,204,Established
721,Customer 721,customer721@email.com,Surabaya,2024-12-21,203,Established
722,Customer 722,customer722@email.com,Medan,2024-12-22,202,Established
723,Customer 723,customer723@email.com,Jakarta,2024-12-23,201,Established
724,Customer 724,customer724@email.com,Yogyakarta,2024-12-24,200,Established
725,Customer 725,customer725@email.com,Yogyakarta,2024-12-25,199,Established
726,Customer 726,customer726@email.com,Surabaya,2024-12-26,198,Established
727,Customer 727,customer727@email.com,Bandung,2024-12-27,197,Established
728,Customer 728,customer728@email.com,Bandung,2024-12-28,196,Established
729,Customer 729,customer729@email.com,Bandung,2024-12-29,195,Established
730,Customer 730,customer730@email.com,Yogyakarta,2024-12-30,194,Established
731,Customer 731,customer731@email.com,Jakarta,2024-12-31,193,Established
732,Customer 732,customer732@email.com,Surabaya,2025-01-01,192,Established
733,Customer 733,customer733@email.com,Surabaya,2025-01-02,191,Established
734,Customer 734,customer734@email.com,Jakarta,2025-01-03,190,Established
735,Customer 735,customer735@email.com,Yogyakarta,2025-01-04,189,Established
736,Customer 736,customer736@email.com,Surabaya,2025-01-05,188,Established
737,Customer 737,customer737@email.com,Surabaya,2025-01-06,187,Established
738,Customer 738,customer738@email.com,Surabaya,2025-01-07,186,Established
739,Customer 739,customer739@email.com,Jakarta,2025-01-08,185,Established
740,Customer 740,customer740@email.com,Yogyakarta,2025-01-09,184,Established
741,Customer 741,customer741@email.com,Medan,2025-01-10,183,Established
742,Customer 742,customer742@email.com,Yogyakarta,2025-01-11,182,Established
743,Customer 743,customer743@email.com,Medan,2025-01-12,181,Established
744,Customer 744,customer744@email.com,Yogyakarta,2025-01-13,180,Established
745,Customer 745,customer745@email.com,Bandung,2025-01-14,179,Established
746,Customer 746,customer746@email.com,Jakarta,2025-01-15,178,Established
747,Customer 747,customer747@email.com,Yogyakarta,2025-01-16,177,Established
748,Customer 748,customer748@email.com,Jakarta,2025-01-17,176,Established
749,Customer 749,customer749@email.com,Jakarta,2025-01-18,175,Established
750,Customer 750,customer750@email.com,Yogyakarta,2025-01-19,174,Established
751,Customer 751,customer751@email.com,Jakarta,2025-01-20,173,Established
752,Customer 752,customer752@email.com,Bandung,2025-01-21,172,Established
753,Customer 753,customer753@email.com,Jakarta,2025-01-22,171,Established
754,Customer 754,customer754@email.com,Yogyakarta,2025-01-23,170,Established
755,Customer 755,customer755@email.com,Medan,2025-01-24,169,Established
756,Customer 756,customer756@email.com,Surabaya,2025-01-25,168,Established
757,Customer 757,customer757@email.com,Surabaya,2025-01-26,167,Established
758,Customer 758,customer758@email.com,Medan,2025-01-27,166,Established
759,Customer 759,customer759@email.com,Yogyakarta,2025-01-28,165,Established
760,Customer 760,customer760@email.com,Bandung,2025-01-29,164,Established
761,Customer 761,customer761@email.com,Bandung,2025-01-30,163,Established
762,Customer 762,customer762@email.com,Bandung,2025-01-31,162,Established
763,Customer 763,customer763@email.com,Medan,2025-02-01,161,Established
764,Customer 764,customer764@email.com,Bandung,2025-02-02,160,Established
765,Customer 765,customer765@email.com,Surabaya,2025-02-03,159,Established
766,Customer 766,customer766@email.com,Yogyakarta,2025-02-04,158,Established
767,Customer 767,customer767@email.com,Jakarta,2025-02-05,157,Established
768,Customer 768,customer768@email.com,Medan,2025-02-06,156,Established
769,Customer 769,customer769@email.com,Medan,2025-02-07,155,Established
770,Customer 770,customer770@email.com,Surabaya,2025-02-08,154,Established
771,Customer 771,customer771@email.com,Bandung,2025-02-09,153,Established
772,Customer 772,customer772@email.com,Jakarta,2025-02-10,152,Established
773,Customer 773,customer773@email.com,Medan,2025-02-11,151,Established
774,Customer 774,customer774@email.com,Surabaya,2025-02-12,150,Established
775,Customer 775,customer775@email.com,Jakarta,2025-02-13,149,Established
776,Customer 776,customer776@email.com,Surabaya,2025-02-14,148,Established
777,Customer 777,customer777@email.com,Jakarta,2025-02-15,147,Established
778,Customer 778,customer778@email.com,Jakarta,2025-02-16,146,Established
779,Customer 779,customer779@email.com,Yogyakarta,2025-02-17,145,Established
780,Customer 780,customer780@email.com,Yogyakarta,2025-02-18,144,Established
781,Customer 781,customer781@email.com,Medan,2025-02-19,143,Established
782,Customer 782,customer782@email.com,Bandung,2025-02-20,142,Established
783,Customer 783,customer783@email.com,Bandung,2025-02-21,141,Established
784,Customer 784,customer784@email.com,Medan,2025-02-22,140,Established
785,Customer 785,customer785@email.com,Bandung,2025-02-23,139,Established
786,Customer 786,customer786@email.com,Medan,2025-02-24,138,Established
787,Customer 787,customer787@email.com,Jakarta,2025-02-25,137,Established
788,Customer 788,customer788@email.com,Yogyakarta,2025-02-26,136,Established
789,Customer 789,customer789@email.com,Surabaya,2025-02-27,135,Established
790,Customer 790,customer790@email.com,Yogyakarta,2025-02-28,134,Established
791,Customer 791,customer791@email.com,Jakarta,2025-03-01,133,Established
792,Customer 792,customer792@email.com,Yogyakarta,2025-03-02,132,Established
793,Customer 793,customer793@email.com,Surabaya,2025-03-03,131,Established
794,Customer 794,customer794@email.com,Jakarta,2025-03-04,130,Established
795,Customer 795,customer795@email.com,Jakarta,2025-03-05,129,Established
796,Customer 796,customer796@email.com,Surabaya,2025-03-06,128,Established
797,Customer 797,customer797@email.com,Yogyakarta,2025-03-07,127,Established
798,Customer 798,customer798@email.com,Medan,2025-03-08,126,Established
799,Customer 799,customer799@email.com,Jakarta,2025-03-09,125,Established
800,Customer 800,customer800@email.com,Bandung,2025-03-10,124,Established
801,Customer 801,customer801@email.com,Yogyakarta,2025-03-11,123,Established
802,Customer 802,customer802@email.com,Surabaya,2025-03-12,122,Established
803,Customer 803,customer803@email.com,Bandung,2025-03-13,121,Established
804,Customer 804,customer804@email.com,Jakarta,2025-03-14,120,Established
805,Customer 805,customer805@email.com,Yogyakarta,2025-03-15,119,Established
806,Customer 806,customer806@email.com,Yogyakarta,2025-03-16,118,Established
807,Customer 807,customer807@email.com,Jakarta,2025-03-17,117,Established
808,Customer 808,customer808@email.com,Jakarta,2025-03-18,116,Established
809,Customer 809,customer809@email.com,Yogyakarta,2025-03-19,115,Established
810,Customer 810,customer810@email.com,Yogyakarta,2025-03-20,114,Established
811,Customer 811,customer811@email.com,Medan,2025-03-21,113,Established
812,Customer 812,customer812@email.com,Surabaya,2025-03-22,112,Established
813,Customer 813,customer813@email.com,Jakarta,2025-03-23,111,Established
814,Customer 814,customer814@email.com,Bandung,2025-03-24,110,Established
815,Customer 815,customer815@email.com,Surabaya,2025-03-25,109,Established
816,Customer 816,customer816@email.com,Yogyakarta,2025-03-26,108,Established
817,Customer 817,customer817@email.com,Bandung,2025-03-27,107,Established
818,Customer 818,customer818@email.com,Yogyakarta,2025-03-28,106,Established
819,Customer 819,customer819@email.com,Bandung,2025-03-29,105,Established
820,Customer 820,customer820@email.com,Medan,2025-03-30,104,Established
821,Customer 821,customer821@email.com,Medan,2025-03-31,103,Established
822,Customer 822,customer822@email.com,Medan,2025-04-01,102,Established
823,Customer 823,customer823@email.com,Surabaya,2025-04-02,101,Established
824,Customer 824,customer824@email.com,Medan,2025-04-03,100,Established
825,Customer 825,customer825@email.com,Bandung,2025-04-04,99,Established
826,Customer 826,customer826@email.com,Yogyakarta,2025-04-05,98,Established
827,Customer 827,customer827@email.com,Jakarta,2025-04-06,97,Established
828,Customer 828,customer828@email.com,Jakarta,2025-04-07,96,Established
829,Customer 829,customer829@email.com,Jakarta,2025-04-08,95,Established
830,Customer 830,customer830@email.com,Yogyakarta,2025-04-09,94,Established
831,Customer 831,customer831@email.com,Surabaya,2025-04-10,93,Established
832,Customer 832,customer832@email.com,Yogyakarta,2025-04-11,92,Established
833,Customer 833,customer833@email.com,Bandung,2025-04-12,91,Established
834,Customer 834,customer834@email.com,Yogyakarta,2025-04-13,90,Recent
835,Customer 835,customer835@email.com,Yogyakarta,2025-04-14,89,Recent
836,Customer 836,customer836@email.com,Bandung,2025-04-15,88,Recent
837,Customer 837,customer837@email.com,Yogyakarta,2025-04-16,87,Recent
838,Customer 838,customer838@email.com,Medan,2025-04-17,86,Recent
839,Customer 839,customer839@email.com,Yogyakarta,2025-04-18,85,Recent
840,Customer 840,customer840@email.com,Jakarta,2025-04-19,84,Recent
841,Customer 841,customer841@email.com,Medan,2025-04-20,83,Recent
842,Customer 842,customer842@email.com,Yogyakarta,2025-04-21,82,Recent
843,Customer 843,customer843@email.com,Bandung,2025-04-22,81,Recent
844,Customer 844,customer844@email.com,Medan,2025-04-23,80,Recent
845,Customer 845,customer845@email.com,Medan,2025-04-24,79,Recent
846,Customer 846,customer846@email.com,Surabaya,2025-04-25,78,Recent
847,Customer 847,customer847@email.com,Bandung,2025-04-26,77,Recent
848,Customer 848,customer848@email.com,Surabaya,2025-04-27,76,Recent
849,Customer 849,customer849@email.com,Jakarta,2025-04-28,75,Recent
850,Customer 850,customer850@email.com,Surabaya,2025-04-29,74,Recent
851,Customer 851,customer851@email.com,Jakarta,2025-04-30,73,Recent
852,Customer 852,customer852@email.com,Surabaya,2025-05-01,72,Recent
853,Customer 853,customer853@email.com,Surabaya,2025-05-02,71,Recent
854,Customer 854,customer854@email.com,Medan,2025-05-03,70,Recent
855,Customer 855,customer855@email.com,Surabaya,2025-05-04,69,Recent
856,Customer 856,customer856@email.com,Jakarta,2025-05-05,68,Recent
857,Customer 857,customer857@email.com,Yogyakarta,2025-05-06,67,Recent
858,Customer 858,customer858@email.com,Medan,2025-05-07,66,Recent
859,Customer 859,customer859@email.com,Medan,2025-05-08,65,Recent
860,Customer 860,customer860@email.com,Medan,2025-05-09,64,Recent
861,Customer 861,customer861@email.com,Medan,2025-05-10,63,Recent
862,Customer 862,customer862@email.com,Surabaya,2025-05-11,62,Recent
863,Customer 863,customer863@email.com,Surabaya,2025-05-12,61,Recent
864,Customer 864,customer864@email.com,Bandung,2025-05-13,60,Recent
865,Customer 865,customer865@email.com,Bandung,2025-05-14,59,Recent
866,Customer 866,customer866@email.com,Yogyakarta,2025-05-15,58,Recent
867,Customer 867,customer867@email.com,Jakarta,2025-05-16,57,Recent
868,Customer 868,customer868@email.com,Surabaya,2025-05-17,56,Recent
869,Customer 869,customer869@email.com,Yogyakarta,2025-05-18,55,Recent
870,Customer 870,customer870@email.com,Medan,2025-05-19,54,Recent
871,Customer 871,customer871@email.com,Yogyakarta,2025-05-20,53,Recent
872,Customer 872,customer872@email.com,Surabaya,2025-05-21,52,Recent
873,Customer 873,customer873@email.com,Jakarta,2025-05-22,51,Recent
874,Customer 874,customer874@email.com,Medan,2025-05-23,50,Recent
875,Customer 875,customer875@email.com,Medan,2025-05-24,49,Recent
876,Customer 876,customer876@email.com,Surabaya,2025-05-25,48,Recent
877,Customer 877,customer877@email.com,Yogyakarta,2025-05-26,47,Recent
878,Customer 878,customer878@email.com,Yogyakarta,2025-05-27,46,Recent
879,Customer 879,customer879@email.com,Bandung,2025-05-28,45,Recent
880,Customer 880,customer880@email.com,Bandung,2025-05-29,44,Recent
881,Customer 881,customer881@email.com,Yogyakarta,2025-05-30,43,Recent
882,Customer 882,customer882@email.com,Medan,2025-05-31,42,Recent
883,Customer 883,customer883@email.com,Surabaya,2025-06-01,41,Recent
884,Customer 884,customer884@email.com,Medan,2025-06-02,40,Recent
885,Customer 885,customer885@email.com,Yogyakarta,2025-06-03,39,Recent
886,Customer 886,customer886@email.com,Bandung,2025-06-04,38,Recent
887,Customer 887,customer887@email.com,Medan,2025-06-05,37,Recent
888,Customer 888,customer888@email.com,Surabaya,2025-06-06,36,Recent
889,Customer 889,customer889@email.com,Yogyakarta,2025-06-07,35,Recent
890,Customer 890,customer890@email.com,Surabaya,2025-06-08,34,Recent
891,Customer 891,customer891@email.com,Surabaya,2025-06-09,33,Recent
892,Customer 892,customer892@email.com,Surabaya,2025-06-10,32,Recent
893,Customer 893,customer893@email.com,Bandung,2025-06-11,31,Recent
894,Customer 894,customer894@email.com,Medan,2025-06-12,30,New
895,Customer 895,customer895@email.com,Bandung,2025-06-13,29,New
896,Customer 896,customer896@email.com,Medan,2025-06-14,28,New
897,Customer 897,customer897@email.com,Medan,2025-06-15,27,New
898,Customer 898,customer898@email.com,Medan,2025-06-16,26,New
899,Customer 899,customer899@email.com,Yogyakarta,2025-06-17,25,New
900,Customer 900,customer900@email.com,Yogyakarta,2025-06-18,24,New
901,Customer 901,customer901@email.com,Surabaya,2025-06-19,23,New
902,Customer 902,customer902@email.com,Surabaya,2025-06-20,22,New
903,Customer 903,customer903@email.com,Medan,2025-06-21,21,New
904,Customer 904,customer904@email.com,Medan,2025-06-22,20,New
905,Customer 905,customer905@email.com,Medan,2025-06-23,19,New
906,Customer 906,customer906@email.com,Medan,2025-06-24,18,New
907,Customer 907,customer907@email.com,Jakarta,2025-06-25,17,New
908,Customer 908,customer908@email.com,Medan,2025-06-26,16,New
909,Customer 909,customer909@email.com,Surabaya,2025-06-27,15,New
910,Customer 910,customer910@email.com,Surabaya,2025-06-28,14,New
911,Customer 911,customer911@email.com,Medan,2025-06-29,13,New
912,Customer 912,customer912@email.com,Bandung,2025-06-30,12,New
913,Customer 913,customer913@email.com,Bandung,2025-07-01,11,New
914,Customer 914,customer914@email.com,Bandung,2025-07-02,10,New
915,Customer 915,customer915@email.com,Bandung,2025-07-03,9,New
916,Customer 916,customer916@email.com,Medan,2025-07-04,8,New
917,Customer 917,customer917@email.com,Surabaya,2025-07-05,7,New
918,Customer 918,customer918@email.com,Jakarta,2025-07-06,6,New
919,Customer 919,customer919@email.com,Jakarta,2025-07-07,5,New
920,Customer 920,customer920@email.com,Medan,2025-07-08,4,New
921,Customer 921,customer921@email.com,Jakarta,2025-07-09,3,New
922,Customer 922,customer922@email.com,Bandung,2025-07-10,2,New
923,Customer 923,customer923@email.com,Yogyakarta,2025-07-11,1,New
924,Customer 924,customer924@email.com,Yogyakarta,2025-07-12,0,
925,Customer 925,customer925@email.com,Jakarta,2025-07-13,-1,
926,Customer 926,customer926@email.com,Jakarta,2025-07-14,-2,
927,Customer 927,customer927@email.com,Medan,2025-07-15,-3,
928,Customer 928,customer928@email.com,Medan,2025-07-16,-4,
929,Customer 929,customer929@email.com,Surabaya,2025-07-17,-5,
930,Customer 930,customer930@email.com,Bandung,2025-07-18,-6,
931,Customer 931,customer931@email.com,Yogyakarta,2025-07-19,-7,
932,Customer 932,customer932@email.com,Surabaya,2025-07-20,-8,
933,Customer 933,customer933@email.com,Jakarta,2025-07-21,-9,
934,Customer 934,customer934@email.com,Jakarta,2025-07-22,-10,
935,Customer 935,customer935@email.com,Medan,2025-07-23,-11,
936,Customer 936,customer936@email.com,Yogyakarta,2025-07-24,-12,
937,Customer 937,customer937@email.com,Yogyakarta,2025-07-25,-13,
938,Customer 938,customer938@email.com,Yogyakarta,2025-07-26,-14,
939,Customer 939,customer939@email.com,Yogyakarta,2025-07-27,-15,
940,Customer 940,customer940@email.com,Surabaya,2025-07-28,-16,
941,Customer 941,customer941@email.com,Medan,2025-07-29,-17,
942,Customer 942,customer942@email.com,Medan,2025-07-30,-18,
943,Customer 943,customer943@email.com,Medan,2025-07-31,-19,
944,Customer 944,customer944@email.com,Jakarta,2025-08-01,-20,
945,Customer 945,customer945@email.com,Surabaya,2025-08-02,-21,
946,Customer 946,customer946@email.com,Yogyakarta,2025-08-03,-22,
947,Customer 947,customer947@email.com,Jakarta,2025-08-04,-23,
948,Customer 948,customer948@email.com,Surabaya,2025-08-05,-24,
949,Customer 949,customer949@email.com,Yogyakarta,2025-08-06,-25,
950,Customer 950,customer950@email.com,Surabaya,2025-08-07,-26,
951,Customer 951,customer951@email.com,Surabaya,2025-08-08,-27,
952,Customer 952,customer952@email.com,Jakarta,2025-08-09,-28,
953,Customer 953,customer953@email.com,Bandung,2025-08-10,-29,
954,Customer 954,customer954@email.com,Yogyakarta,2025-08-11,-30,
955,Customer 955,customer955@email.com,Yogyakarta,2025-08-12,-31,
956,Customer 956,customer956@email.com,Surabaya,2025-08-13,-32,
957,Customer 957,customer957@email.com,Medan,2025-08-14,-33,
958,Customer 958,customer958@email.com,Surabaya,2025-08-15,-34,
959,Customer 959,customer959@email.com,Bandung,2025-08-16,-35,
960,Customer 960,customer960@email.com,Yogyakarta,2025-08-17,-36,
961,Customer 961,customer961@email.com,Medan,2025-08-18,-37,
962,Customer 962,customer962@email.com,Bandung,2025-08-19,-38,
963,Customer 963,customer963@email.com,Bandung,2025-08-20,-39,
964,Customer 964,customer964@email.com,Jakarta,2025-08-21,-40,
965,Customer 965,customer965@email.com,Jakarta,2025-08-22,-41,
966,Customer 966,customer966@email.com,Medan,2025-08-23,-42,
967,Customer 967,customer967@email.com,Medan,2025-08-24,-43,
968,Customer 968,customer968@email.com,Bandung,2025-08-25,-44,
969,Customer 969,customer969@email.com,Surabaya,2025-08-26,-45,
970,Customer 970,customer970@email.com,Bandung,2025-08-27,-46,
971,Customer 971,customer971@email.com,Surabaya,2025-08-28,-47,
972,Customer 972,customer972@email.com,Surabaya,2025-08-29,-48,
973,Customer 973,customer973@email.com,Medan,2025-08-30,-49,
974,Customer 974,customer974@email.com,Bandung,2025-08-31,-50,
975,Customer 975,customer975@email.com,Bandung,2025-09-01,-51,
976,Customer 976,customer976@email.com,Bandung,2025-09-02,-52,
977,Customer 977,customer977@email.com,Bandung,2025-09-03,-53,
978,Customer 978,customer978@email.com,Medan,2025-09-04,-54,
979,Customer 979,customer979@email.com,Medan,2025-09-05,-55,
980,Customer 980,customer980@email.com,Yogyakarta,2025-09-06,-56,
981,Customer 981,customer981@email.com,Yogyakarta,2025-09-07,-57,
982,Customer 982,customer982@email.com,Bandung,2025-09-08,-58,
983,Customer 983,customer983@email.com,Yogyakarta,2025-09-09,-59,
984,Customer 984,customer984@email.com,Yogyakarta,2025-09-10,-60,
985,Customer 985,customer985@email.com,Bandung,2025-09-11,-61,
986,Customer 986,customer986@email.com,Yogyakarta,2025-09-12,-62,
987,Customer 987,customer987@email.com,Bandung,2025-09-13,-63,
988,Customer 988,customer988@email.com,Bandung,2025-09-14,-64,
989,Customer 989,customer989@email.com,Surabaya,2025-09-15,-65,
990,Customer 990,customer990@email.com,Yogyakarta,2025-09-16,-66,
991,Customer 991,customer991@email.com,Jakarta,2025-09-17,-67,
992,Customer 992,customer992@email.com,Yogyakarta,2025-09-18,-68,
993,Customer 993,customer993@email.com,Jakarta,2025-09-19,-69,
994,Customer 994,customer994@email.com,Bandung,2025-09-20,-70,
995,Customer 995,customer995@email.com,Bandung,2025-09-21,-71,
996,Customer 996,customer996@email.com,Bandung,2025-09-22,-72,
997,Customer 997,customer997@email.com,Yogyakarta,2025-09-23,-73,
998,Customer 998,customer998@email.com,Jakarta,2025-09-24,-74,
999,Customer 999,customer999@email.com,Yogyakarta,2025-09-25,-75,
1000,Customer 1000,customer1000@email.com,Surabaya,2025-09-26,-76,
